fragment_id,behavior_id
0,0
1,8
2,3
3,3
4,3
5,7
6,16
7,0
8,10
9,9
10,11
11,18
12,3
13,6
14,5
15,16
16,8
17,6
18,1
19,1
20,15
21,5
22,10
23,9
24,6
25,6
26,4
27,6
28,14
29,4
30,2
31,3
32,1
33,9
34,18
35,16
36,1
37,10
38,2
39,1
40,16
41,18
42,8
43,14
44,8
45,14
46,11
47,5
48,6
49,3
50,10
51,16
52,0
53,15
54,14
55,13
56,9
57,5
58,17
59,15
60,16
61,17
62,11
63,5
64,16
65,1
66,7
67,18
68,5
69,0
70,12
71,0
72,15
73,15
74,3
75,6
76,3
77,4
78,13
79,6
80,12
81,15
82,9
83,13
84,13
85,18
86,14
87,10
88,3
89,0
90,9
91,2
92,16
93,7
94,13
95,15
96,13
97,17
98,7
99,14
100,18
101,7
102,11
103,15
104,14
105,2
106,10
107,0
108,6
109,9
110,4
111,16
112,9
113,0
114,4
115,14
116,16
117,13
118,17
119,17
120,11
121,4
122,0
123,0
124,8
125,18
126,15
127,1
128,8
129,12
130,1
131,2
132,7
133,8
134,10
135,4
136,13
137,17
138,11
139,9
140,8
141,5
142,6
143,13
144,2
145,12
146,9
147,5
148,6
149,8
150,18
151,7
152,14
153,12
154,13
155,0
156,3
157,4
158,1
159,14
160,4
161,4
162,14
163,8
164,4
165,11
166,5
167,7
168,10
169,5
170,1
171,9
172,10
173,8
174,6
175,6
176,2
177,9
178,9
179,6
180,6
181,17
182,16
183,9
184,6
185,18
186,18
187,10
188,13
189,11
190,0
191,1
192,10
193,15
194,9
195,10
196,13
197,15
198,8
199,17
200,14
201,17
202,8
203,18
204,5
205,4
206,16
207,1
208,11
209,12
210,10
211,13
212,0
213,11
214,13
215,5
216,7
217,3
218,8
219,3
220,18
221,10
222,9
223,11
224,3
225,1
226,4
227,17
228,17
229,1
230,17
231,16
232,13
233,6
234,4
235,0
236,13
237,2
238,8
239,3
240,18
241,8
242,6
243,16
244,17
245,3
246,17
247,11
248,1
249,8
250,13
251,18
252,17
253,6
254,11
255,15
256,11
257,16
258,0
259,18
260,17
261,14
262,16
263,12
264,13
265,13
266,9
267,8
268,9
269,16
270,3
271,16
272,18
273,12
274,13
275,3
276,9
277,2
278,9
279,11
280,2
281,18
282,5
283,14
284,1
285,9
286,14
287,0
288,4
289,6
290,13
291,12
292,1
293,14
294,11
295,15
296,11
297,11
298,17
299,13
300,11
301,15
302,8
303,0
304,13
305,9
306,18
307,5
308,7
309,4
310,9
311,18
312,10
313,18
314,4
315,5
316,8
317,14
318,4
319,15
320,8
321,16
322,15
323,9
324,3
325,1
326,9
327,5
328,11
329,14
330,0
331,16
332,8
333,8
334,7
335,3
336,13
337,18
338,0
339,11
340,8
341,2
342,15
343,2
344,1
345,3
346,10
347,2
348,0
349,12
350,14
351,0
352,9
353,16
354,15
355,12
356,17
357,15
358,16
359,5
360,13
361,17
362,13
363,15
364,8
365,14
366,3
367,18
368,11
369,15
370,6
371,1
372,3
373,16
374,9
375,1
376,14
377,10
378,0
379,14
380,4
381,6
382,2
383,4
384,5
385,16
386,16
387,17
388,17
389,10
390,2
391,16
392,8
393,1
394,14
395,0
396,16
397,12
398,11
399,6
400,1
401,11
402,6
403,14
404,15
405,13
406,17
407,16
408,15
409,3
410,16
411,2
412,17
413,13
414,10
415,2
416,14
417,15
418,18
419,17
420,9
421,8
422,8
423,0
424,8
425,16
426,9
427,9
428,11
429,18
430,7
431,11
432,18
433,14
434,6
435,5
436,1
437,17
438,17
439,1
440,2
441,8
442,5
443,13
444,6
445,8
446,10
447,3
448,3
449,6
450,18
451,13
452,3
453,17
454,8
455,13
456,11
457,9
458,1
459,16
460,8
461,11
462,13
463,2
464,8
465,8
466,5
467,5
468,6
469,7
470,11
471,3
472,16
473,9
474,8
475,11
476,0
477,12
478,9
479,9
480,12
481,9
482,6
483,14
484,9
485,17
486,2
487,7
488,1
489,14
490,10
491,16
492,10
493,8
494,13
495,11
496,5
497,0
498,9
499,10
500,7
501,5
502,6
503,0
504,9
505,4
506,6
507,10
508,11
509,12
510,6
511,5
512,10
513,13
514,10
515,17
516,4
517,0
518,7
519,18
520,17
521,7
522,2
523,0
524,2
525,18
526,12
527,9
528,18
529,13
530,5
531,1
532,1
533,11
534,17
535,0
536,5
537,0
538,5
539,10
540,17
541,10
542,16
543,13
544,10
545,5
546,0
547,5
548,9
549,1
550,18
551,1
552,14
553,13
554,10
555,17
556,8
557,11
558,10
559,3
560,18
561,11
562,13
563,18
564,3
565,4
566,1
567,13
568,7
569,14
570,8
571,4
572,14
573,12
574,13
575,18
576,4
577,8
578,12
579,8
580,18
581,16
582,1
583,5
584,4
585,4
586,11
587,6
588,3
589,11
590,16
591,1
592,9
593,16
594,17
595,1
596,14
597,13
598,13
599,0
600,7
601,2
602,6
603,2
604,14
605,6
606,14
607,6
608,9
609,12
610,15
611,16
612,8
613,14
614,18
615,18
616,5
617,14
618,13
619,9
620,12
621,16
622,16
623,6
624,12
625,4
626,12
627,17
628,0
629,8
630,9
631,10
632,5
633,6
634,8
635,0
636,11
637,11
638,0
639,7
640,18
641,1
642,1
643,2
644,10
645,16
646,6
647,13
648,9
649,13
650,17
651,14
652,3
653,14
654,0
655,17
656,14
657,2
658,0
659,7
660,3
661,11
662,7
663,1
664,0
665,2
666,6
667,0
668,5
669,12
670,1
671,8
672,7
673,12
674,5
675,14
676,15
677,17
678,15
679,5
680,2
681,12
682,15
683,16
684,3
685,1
686,0
687,5
688,14
689,10
690,3
691,0
692,3
693,7
694,12
695,17
696,18
697,15
698,6
699,5
700,9
701,17
702,14
703,15
704,3
705,12
706,5
707,14
708,11
709,7
710,11
711,18
712,10
713,13
714,10
715,3
716,12
717,9
718,15
719,3
720,8
721,5
722,16
723,14
724,2
725,4
726,11
727,1
728,13
729,6
730,7
731,2
732,10
733,17
734,2
735,16
736,1
737,2
738,16
739,15
740,10
741,15
742,16
743,8
744,4
745,13
746,2
747,13
748,12
749,16
750,17
751,1
752,12
753,9
754,14
755,17
756,0
757,4
758,0
759,0
760,2
761,7
762,13
763,14
764,8
765,2
766,18
767,10
768,0
769,18
770,2
771,3
772,18
773,5
774,4
775,2
776,7
777,18
778,4
779,11
780,18
781,11
782,12
783,5
784,8
785,4
786,9
787,1
788,14
789,17
790,1
791,7
792,18
793,8
794,16
795,8
796,4
797,5
798,11
799,4
800,11
801,17
802,17
803,16
804,1
805,8
806,3
807,17
808,1
809,1
810,0
811,8
812,6
813,17
814,16
815,2
816,1
817,10
818,5
819,13
820,7
821,11
822,12
823,0
824,5
825,5
826,4
827,2
828,17
829,12
830,1
831,9
832,6
833,7
834,6
835,18
836,7
837,10
838,16
839,4
840,0
841,6
842,11
843,2
844,17
845,8
846,5
847,11
848,0
849,5
850,17
851,16
852,15
853,12
854,5
855,5
856,2
857,17
858,2
859,2
860,0
861,5
862,6
863,18
864,12
865,0
866,11
867,16
868,17
869,7
870,15
871,16
872,1
873,9
874,10
875,2
876,15
877,16
878,10
879,10
880,4
881,9
882,17
883,4
884,6
885,2
886,5
887,16
888,2
889,15
890,0
891,4
892,14
893,2
894,1
895,7
896,6
897,17
898,12
899,11
900,18
901,10
902,16
903,3
904,4
905,5
906,9
907,4
908,13
909,15
910,17
911,4
912,1
913,12
914,3
915,1
916,0
917,12
918,6
919,15
920,7
921,11
922,16
923,11
924,18
925,6
926,8
927,18
928,16
929,6
930,0
931,1
932,16
933,7
934,1
935,2
936,1
937,7
938,15
939,18
940,11
941,18
942,10
943,7
944,15
945,6
946,12
947,0
948,18
949,6
950,16
951,16
952,3
953,4
954,10
955,5
956,2
957,14
958,3
959,8
960,4
961,9
962,0
963,11
964,8
965,8
966,17
967,9
968,18
969,14
970,10
971,15
972,16
973,13
974,12
975,2
976,2
977,4
978,10
979,12
980,4
981,18
982,7
983,15
984,9
985,2
986,7
987,0
988,18
989,2
990,1
991,4
992,8
993,17
994,14
995,14
996,16
997,15
998,15
999,15
1000,3
1001,2
1002,6
1003,2
1004,17
1005,6
1006,18
1007,10
1008,16
1009,12
1010,10
1011,16
1012,3
1013,4
1014,14
1015,12
1016,7
1017,16
1018,7
1019,5
1020,3
1021,15
1022,12
1023,5
1024,5
1025,4
1026,13
1027,8
1028,8
1029,10
1030,6
1031,0
1032,0
1033,1
1034,17
1035,12
1036,14
1037,1
1038,0
1039,2
1040,3
1041,8
1042,9
1043,16
1044,11
1045,5
1046,7
1047,7
1048,18
1049,10
1050,7
1051,5
1052,15
1053,10
1054,8
1055,11
1056,1
1057,1
1058,3
1059,0
1060,7
1061,0
1062,6
1063,9
1064,17
1065,4
1066,14
1067,9
1068,14
1069,11
1070,2
1071,6
1072,15
1073,15
1074,16
1075,1
1076,10
1077,16
1078,16
1079,0
1080,11
1081,5
1082,6
1083,5
1084,1
1085,16
1086,4
1087,1
1088,8
1089,5
1090,6
1091,10
1092,1
1093,0
1094,18
1095,4
1096,11
1097,16
1098,18
1099,15
1100,2
1101,9
1102,2
1103,3
1104,8
1105,7
1106,12
1107,7
1108,6
1109,8
1110,12
1111,9
1112,4
1113,0
1114,15
1115,13
1116,9
1117,0
1118,17
1119,6
1120,8
1121,15
1122,12
1123,9
1124,4
1125,7
1126,3
1127,10
1128,4
1129,11
1130,7
1131,17
1132,1
1133,6
1134,13
1135,7
1136,6
1137,5
1138,4
1139,14
1140,8
1141,0
1142,18
1143,6
1144,13
1145,12
1146,6
1147,10
1148,3
1149,9
1150,16
1151,8
1152,6
1153,10
1154,4
1155,17
1156,10
1157,16
1158,18
1159,8
1160,5
1161,9
1162,16
1163,10
1164,13
1165,8
1166,9
1167,6
1168,10
1169,0
1170,1
1171,9
1172,0
1173,2
1174,11
1175,4
1176,11
1177,13
1178,16
1179,1
1180,1
1181,5
1182,2
1183,18
1184,14
1185,17
1186,11
1187,17
1188,10
1189,2
1190,15
1191,5
1192,12
1193,18
1194,12
1195,4
1196,2
1197,3
1198,5
1199,10
1200,10
1201,5
1202,8
1203,5
1204,16
1205,3
1206,14
1207,3
1208,13
1209,9
1210,1
1211,9
1212,9
1213,11
1214,17
1215,18
1216,18
1217,0
1218,14
1219,11
1220,7
1221,8
1222,5
1223,11
1224,12
1225,13
1226,7
1227,17
1228,16
1229,3
1230,14
1231,4
1232,17
1233,13
1234,11
1235,18
1236,7
1237,0
1238,3
1239,4
1240,11
1241,4
1242,10
1243,0
1244,9
1245,8
1246,13
1247,13
1248,3
1249,11
1250,16
1251,9
1252,1
1253,15
1254,10
1255,18
1256,3
1257,2
1258,9
1259,13
1260,7
1261,18
1262,12
1263,13
1264,13
1265,0
1266,3
1267,16
1268,15
1269,0
1270,8
1271,6
1272,8
1273,15
1274,4
1275,18
1276,10
1277,13
1278,4
1279,3
1280,1
1281,15
1282,7
1283,2
1284,11
1285,1
1286,8
1287,4
1288,16
1289,9
1290,17
1291,6
1292,6
1293,1
1294,15
1295,1
1296,8
1297,0
1298,9
1299,8
1300,12
1301,11
1302,6
1303,1
1304,1
1305,10
1306,6
1307,3
1308,10
1309,1
1310,1
1311,4
1312,18
1313,7
1314,18
1315,4
1316,1
1317,17
1318,13
1319,4
1320,8
1321,6
1322,5
1323,8
1324,0
1325,3
1326,17
1327,8
1328,16
1329,10
1330,5
1331,9
1332,13
1333,2
1334,3
1335,3
1336,6
1337,3
1338,2
1339,11
1340,10
1341,18
1342,6
1343,2
1344,7
1345,9
1346,9
1347,1
1348,10
1349,9
1350,15
1351,12
1352,18
1353,11
1354,12
1355,14
1356,7
1357,16
1358,14
1359,10
1360,17
1361,0
1362,13
1363,2
1364,15
1365,2
1366,8
1367,0
1368,0
1369,14
1370,13
1371,16
1372,10
1373,6
1374,5
1375,4
1376,7
1377,3
1378,14
1379,8
1380,12
1381,0
1382,15
1383,1
1384,11
1385,1
1386,2
1387,0
1388,3
1389,9
1390,3
1391,2
1392,11
1393,13
1394,0
1395,8
1396,2
1397,10
1398,8
1399,2
1400,4
1401,7
1402,17
1403,15
1404,15
1405,12
1406,1
1407,1
1408,6
1409,0
1410,3
1411,8
1412,17
1413,6
1414,3
1415,18
1416,1
1417,9
1418,8
1419,10
1420,6
1421,7
1422,6
1423,5
1424,8
1425,6
1426,13
1427,9
1428,0
1429,3
1430,3
1431,2
1432,0
1433,11
1434,13
1435,14
1436,9
1437,17
1438,7
1439,0
1440,4
1441,8
1442,10
1443,9
1444,14
1445,3
1446,5
1447,6
1448,16
1449,9
1450,9
1451,6
1452,1
1453,4
1454,7
1455,15
1456,12
1457,10
1458,8
1459,5
1460,6
1461,3
1462,16
1463,1
1464,8
1465,12
1466,12
1467,17
1468,15
1469,1
1470,4
1471,12
1472,18
1473,10
1474,0
1475,7
1476,7
1477,3
1478,16
1479,5
1480,9
1481,0
1482,10
1483,3
1484,5
1485,18
1486,5
1487,15
1488,5
1489,8
1490,3
1491,13
1492,9
1493,10
1494,5
1495,10
1496,0
1497,7
1498,7
1499,11
1500,11
1501,10
1502,17
1503,16
1504,14
1505,13
1506,15
1507,8
1508,11
1509,6
1510,7
1511,15
1512,17
1513,7
1514,14
1515,10
1516,13
1517,4
1518,7
1519,16
1520,16
1521,6
1522,12
1523,3
1524,6
1525,6
1526,5
1527,12
1528,1
1529,17
1530,16
1531,18
1532,8
1533,16
1534,8
1535,9
1536,9
1537,7
1538,3
1539,11
1540,11
1541,5
1542,9
1543,11
1544,17
1545,3
1546,15
1547,15
1548,7
1549,15
1550,8
1551,8
1552,1
1553,1
1554,3
1555,16
1556,11
1557,9
1558,18
1559,6
1560,3
1561,11
1562,4
1563,13
1564,5
1565,11
1566,16
1567,12
1568,15
1569,15
1570,2
1571,14
1572,14
1573,6
1574,16
1575,2
1576,16
1577,2
1578,16
1579,16
1580,6
1581,17
1582,17
1583,1
1584,13
1585,2
1586,2
1587,17
1588,3
1589,16
1590,6
1591,17
1592,10
1593,7
1594,16
1595,10
1596,2
1597,12
1598,9
1599,4
1600,5
1601,13
1602,1
1603,8
1604,12
1605,8
1606,15
1607,9
1608,12
1609,4
1610,0
1611,2
1612,6
1613,6
1614,18
1615,16
1616,5
1617,9
1618,4
1619,3
1620,11
1621,15
1622,9
1623,11
1624,11
1625,17
1626,18
1627,1
1628,16
1629,10
1630,6
1631,17
1632,5
1633,8
1634,7
1635,18
1636,1
1637,4
1638,6
1639,15
1640,14
1641,15
1642,3
1643,12
1644,14
1645,3
1646,15
1647,17
1648,15
1649,1
1650,11
1651,3
1652,13
1653,6
1654,11
1655,3
1656,11
1657,15
1658,3
1659,2
1660,12
1661,3
1662,11
1663,4
1664,13
1665,17
1666,5
1667,13
1668,17
1669,10
1670,18
1671,14
1672,8
1673,9
1674,16
1675,8
1676,13
1677,11
1678,5
1679,10
1680,0
1681,5
1682,10
1683,3
1684,13
1685,2
1686,4
1687,13
1688,0
1689,14
1690,2
1691,4
1692,16
1693,4
1694,7
1695,18
1696,1
1697,18
1698,5
1699,2
1700,17
1701,13
1702,17
1703,18
1704,12
1705,0
1706,12
1707,1
1708,1
1709,12
1710,15
1711,2
1712,13
1713,18
1714,3
1715,3
1716,13
1717,12
1718,17
1719,18
1720,9
1721,6
1722,3
1723,12
1724,12
1725,14
1726,14
1727,7
1728,3
1729,6
1730,7
1731,3
1732,3
1733,18
1734,2
1735,14
1736,8
1737,7
1738,5
1739,16
1740,4
1741,16
1742,6
1743,2
1744,3
1745,14
1746,15
1747,4
1748,2
1749,8
1750,6
1751,6
1752,14
1753,3
1754,12
1755,4
1756,14
1757,14
1758,9
1759,17
1760,5
1761,2
1762,2
1763,11
1764,6
1765,17
1766,5
1767,13
1768,16
1769,1
1770,11
1771,18
1772,12
1773,1
1774,14
1775,10
1776,18
1777,2
1778,13
1779,17
1780,11
1781,9
1782,6
1783,2
1784,16
1785,1
1786,7
1787,11
1788,1
1789,8
1790,17
1791,9
1792,17
1793,1
1794,8
1795,0
1796,0
1797,0
1798,10
1799,15
1800,10
1801,1
1802,0
1803,6
1804,14
1805,3
1806,1
1807,11
1808,17
1809,5
1810,2
1811,0
1812,8
1813,6
1814,15
1815,17
1816,3
1817,14
1818,18
1819,4
1820,11
1821,11
1822,6
1823,0
1824,5
1825,11
1826,7
1827,10
1828,0
1829,6
1830,17
1831,10
1832,18
1833,13
1834,16
1835,16
1836,9
1837,7
1838,13
1839,16
1840,15
1841,7
1842,4
1843,18
1844,11
1845,3
1846,5
1847,2
1848,11
1849,15
1850,8
1851,1
1852,10
1853,5
1854,14
1855,1
1856,13
1857,10
1858,3
1859,7
1860,8
1861,16
1862,16
1863,0
1864,7
1865,10
1866,10
1867,0
1868,15
1869,14
1870,16
1871,3
1872,11
1873,2
1874,1
1875,1
1876,0
1877,1
1878,15
1879,5
1880,1
1881,11
1882,10
1883,3
1884,1
1885,2
1886,8
1887,12
1888,5
1889,11
1890,14
1891,13
1892,17
1893,18
1894,7
1895,3
1896,7
1897,9
1898,14
1899,5
1900,15
1901,13
1902,0
1903,15
1904,2
1905,17
1906,17
1907,9
1908,11
1909,5
1910,7
1911,3
1912,17
1913,15
1914,4
1915,4
1916,14
1917,17
1918,9
1919,14
1920,8
1921,17
1922,4
1923,3
1924,2
1925,17
1926,7
1927,16
1928,0
1929,7
1930,3
1931,6
1932,14
1933,16
1934,11
1935,3
1936,13
1937,12
1938,9
1939,13
1940,8
1941,2
1942,3
1943,11
1944,14
1945,16
1946,9
1947,8
1948,16
1949,16
1950,7
1951,6
1952,13
1953,0
1954,1
1955,9
1956,11
1957,3
1958,14
1959,2
1960,0
1961,16
1962,13
1963,3
1964,3
1965,8
1966,16
1967,14
1968,8
1969,15
1970,6
1971,12
1972,13
1973,0
1974,5
1975,18
1976,0
1977,7
1978,13
1979,0
1980,7
1981,11
1982,13
1983,18
1984,6
1985,15
1986,17
1987,17
1988,6
1989,14
1990,13
1991,18
1992,8
1993,15
1994,6
1995,2
1996,13
1997,11
1998,12
1999,11
2000,2
2001,15
2002,17
2003,14
2004,7
2005,17
2006,6
2007,15
2008,3
2009,18
2010,3
2011,11
2012,5
2013,6
2014,12
2015,9
2016,9
2017,12
2018,16
2019,9
2020,2
2021,3
2022,2
2023,7
2024,17
2025,7
2026,4
2027,10
2028,15
2029,1
2030,2
2031,10
2032,18
2033,6
2034,13
2035,10
2036,10
2037,8
2038,6
2039,7
2040,1
2041,17
2042,10
2043,4
2044,4
2045,7
2046,15
2047,2
2048,12
2049,15
2050,7
2051,9
2052,13
2053,12
2054,1
2055,1
2056,9
2057,10
2058,3
2059,11
2060,12
2061,11
2062,7
2063,12
2064,4
2065,4
2066,15
2067,1
2068,10
2069,10
2070,12
2071,7
2072,1
2073,15
2074,7
2075,5
2076,12
2077,17
2078,18
2079,3
2080,10
2081,9
2082,3
2083,5
2084,18
2085,0
2086,12
2087,17
2088,7
2089,14
2090,11
2091,15
2092,13
2093,3
2094,10
2095,2
2096,10
2097,1
2098,0
2099,8
2100,13
2101,9
2102,10
2103,8
2104,17
2105,2
2106,5
2107,6
2108,0
2109,1
2110,13
2111,7
2112,3
2113,1
2114,3
2115,5
2116,5
2117,0
2118,13
2119,0
2120,10
2121,17
2122,3
2123,0
2124,5
2125,9
2126,4
2127,12
2128,3
2129,7
2130,7
2131,12
2132,6
2133,4
2134,5
2135,8
2136,11
2137,11
2138,15
2139,5
2140,11
2141,4
2142,10
2143,8
2144,8
2145,17
2146,15
2147,12
2148,13
2149,2
2150,2
2151,0
2152,7
2153,0
2154,3
2155,2
2156,12
2157,15
2158,11
2159,3
2160,8
2161,10
2162,10
2163,6
2164,4
2165,4
2166,17
2167,3
2168,16
2169,5
2170,17
2171,5
2172,3
2173,3
2174,15
2175,15
2176,5
2177,18
2178,4
2179,5
2180,8
2181,12
2182,8
2183,10
2184,17
2185,9
2186,5
2187,14
2188,8
2189,2
2190,16
2191,9
2192,17
2193,8
2194,15
2195,18
2196,15
2197,17
2198,5
2199,15
2200,9
2201,16
2202,16
2203,6
2204,3
2205,14
2206,1
2207,4
2208,6
2209,15
2210,1
2211,10
2212,10
2213,16
2214,13
2215,13
2216,11
2217,3
2218,8
2219,2
2220,7
2221,9
2222,15
2223,12
2224,12
2225,5
2226,3
2227,13
2228,2
2229,5
2230,9
2231,5
2232,10
2233,13
2234,3
2235,13
2236,10
2237,3
2238,4
2239,11
2240,17
2241,12
2242,15
2243,11
2244,12
2245,7
2246,12
2247,18
2248,4
2249,16
2250,9
2251,0
2252,5
2253,12
2254,12
2255,4
2256,9
2257,4
2258,8
2259,17
2260,12
2261,9
2262,8
2263,2
2264,14
2265,7
2266,2
2267,15
2268,1
2269,16
2270,3
2271,11
2272,12
2273,0
2274,3
2275,8
2276,10
2277,0
2278,4
2279,18
2280,4
2281,14
2282,13
2283,8
2284,9
2285,11
2286,11
2287,1
2288,7
2289,17
2290,10
2291,13
2292,7
2293,12
2294,12
2295,2
2296,17
2297,1
2298,13
2299,9
2300,7
2301,10
2302,16
2303,6
2304,13
2305,14
2306,15
2307,9
2308,14
2309,11
2310,7
2311,5
2312,8
2313,6
2314,13
2315,4
2316,15
2317,3
2318,18
2319,12
2320,2
2321,7
2322,0
2323,17
2324,5
2325,12
2326,9
2327,0
2328,3
2329,2
2330,11
2331,18
2332,16
2333,4
2334,12
2335,8
2336,12
2337,1
2338,17
2339,3
2340,6
2341,1
2342,10
2343,10
2344,5
2345,18
2346,5
2347,18
2348,10
2349,6
2350,6
2351,4
2352,16
2353,18
2354,9
2355,9
2356,9
2357,17
2358,17
2359,5
2360,16
2361,5
2362,3
2363,10
2364,3
2365,2
2366,2
2367,4
2368,6
2369,3
2370,0
2371,5
2372,9
2373,14
2374,5
2375,6
2376,16
2377,12
2378,18
2379,14
2380,6
2381,9
2382,7
2383,15
2384,18
2385,6
2386,7
2387,7
2388,10
2389,10
2390,4
2391,16
2392,3
2393,5
2394,16
2395,8
2396,0
2397,10
2398,8
2399,14
2400,1
2401,0
2402,8
2403,15
2404,14
2405,13
2406,3
2407,6
2408,1
2409,5
2410,11
2411,0
2412,3
2413,14
2414,15
2415,5
2416,1
2417,4
2418,4
2419,15
2420,17
2421,12
2422,14
2423,18
2424,8
2425,16
2426,8
2427,3
2428,2
2429,10
2430,8
2431,10
2432,4
2433,13
2434,16
2435,18
2436,5
2437,12
2438,5
2439,8
2440,3
2441,17
2442,17
2443,14
2444,4
2445,14
2446,11
2447,12
2448,11
2449,3
2450,1
2451,15
2452,3
2453,11
2454,10
2455,2
2456,8
2457,17
2458,5
2459,17
2460,5
2461,1
2462,0
2463,4
2464,10
2465,2
2466,16
2467,3
2468,14
2469,12
2470,16
2471,7
2472,4
2473,4
2474,12
2475,0
2476,4
2477,6
2478,4
2479,18
2480,13
2481,18
2482,7
2483,18
2484,6
2485,2
2486,1
2487,8
2488,9
2489,5
2490,13
2491,2
2492,4
2493,18
2494,18
2495,16
2496,0
2497,7
2498,1
2499,5
2500,13
2501,6
2502,5
2503,16
2504,6
2505,13
2506,1
2507,9
2508,14
2509,4
2510,9
2511,3
2512,17
2513,18
2514,12
2515,1
2516,5
2517,14
2518,0
2519,7
2520,17
2521,5
2522,17
2523,15
2524,0
2525,17
2526,7
2527,1
2528,17
2529,0
2530,11
2531,6
2532,16
2533,3
2534,4
2535,7
2536,11
2537,10
2538,15
2539,2
2540,6
2541,18
2542,16
2543,10
2544,1
2545,15
2546,5
2547,8
2548,17
2549,5
2550,12
2551,14
2552,1
2553,11
2554,13
2555,8
2556,11
2557,17
2558,5
2559,1
2560,9
2561,18
2562,6
2563,2
2564,2
2565,2
2566,0
2567,3
2568,11
2569,16
2570,10
2571,13
2572,1
2573,18
2574,6
2575,2
2576,2
2577,18
2578,5
2579,11
2580,3
2581,9
2582,3
2583,2
2584,3
2585,18
2586,3
2587,6
2588,6
2589,3
2590,2
2591,11
2592,13
2593,8
2594,6
2595,8
2596,12
2597,11
2598,16
2599,11
2600,3
2601,15
2602,14
2603,13
2604,1
2605,1
2606,4
2607,18
2608,18
2609,0
2610,15
2611,15
2612,2
2613,16
2614,18
2615,12
2616,7
2617,6
2618,9
2619,10
2620,9
2621,16
2622,11
2623,13
2624,5
2625,8
2626,12
2627,7
2628,3
2629,14
2630,13
2631,5
2632,5
2633,17
2634,12
2635,5
2636,2
2637,10
2638,10
2639,10
2640,0
2641,18
2642,17
2643,14
2644,14
2645,4
2646,18
2647,3
2648,10
2649,16
2650,11
2651,18
2652,2
2653,16
2654,4
2655,4
2656,3
2657,5
2658,1
2659,16
2660,15
2661,12
2662,15
2663,13
2664,1
2665,13
2666,9
2667,1
2668,13
2669,15
2670,5
2671,14
2672,3
2673,16
2674,9
2675,1
2676,15
2677,7
2678,7
2679,7
2680,6
2681,14
2682,3
2683,4
2684,7
2685,6
2686,18
2687,3
2688,5
2689,13
2690,9
2691,3
2692,6
2693,15
2694,6
2695,7
2696,8
2697,6
2698,5
2699,4
2700,6
2701,16
2702,17
2703,16
2704,14
2705,12
2706,12
2707,14
2708,8
2709,16
2710,9
2711,14
2712,14
2713,2
2714,15
2715,16
2716,18
2717,4
2718,8
2719,10
2720,5
2721,14
2722,4
2723,8
2724,3
2725,1
2726,5
2727,1
2728,7
2729,13
2730,16
2731,6
2732,14
2733,17
2734,3
2735,8
2736,1
2737,9
2738,4
2739,6
2740,0
2741,4
2742,8
2743,8
2744,17
2745,5
2746,17
2747,6
2748,2
2749,1
2750,10
2751,1
2752,2
2753,0
2754,18
2755,10
2756,11
2757,6
2758,10
2759,4
2760,14
2761,9
2762,1
2763,4
2764,12
2765,11
2766,3
2767,9
2768,3
2769,17
2770,12
2771,3
2772,17
2773,7
2774,3
2775,3
2776,18
2777,0
2778,11
2779,7
2780,12
2781,7
2782,4
2783,11
2784,7
2785,9
2786,15
2787,12
2788,1
2789,9
2790,6
2791,12
2792,11
2793,12
2794,14
2795,15
2796,18
2797,7
2798,6
2799,13
2800,0
2801,0
2802,17
2803,17
2804,12
2805,15
2806,4
2807,12
2808,12
2809,15
2810,14
2811,4
2812,0
2813,1
2814,3
2815,18
2816,17
2817,1
2818,10
2819,10
2820,12
2821,17
2822,2
2823,12
2824,6
2825,7
2826,13
2827,8
2828,14
2829,6
2830,13
2831,2
2832,8
2833,16
2834,11
2835,17
2836,7
2837,8
2838,2
2839,14
2840,17
2841,3
2842,6
2843,6
2844,9
2845,8
2846,14
2847,11
2848,5
2849,18
2850,4
2851,2
2852,4
2853,1
2854,7
2855,9
2856,10
2857,18
2858,7
2859,15
2860,8
2861,12
2862,9
2863,0
2864,18
2865,12
2866,13
2867,13
2868,4
2869,2
2870,5
2871,18
2872,16
2873,0
2874,1
2875,11
2876,13
2877,3
2878,13
2879,14
2880,2
2881,1
2882,13
2883,10
2884,1
2885,18
2886,1
2887,11
2888,2
2889,9
2890,7
2891,13
2892,18
2893,14
2894,9
2895,1
2896,6
2897,2
2898,2
2899,12
2900,13
2901,5
2902,14
2903,6
2904,17
2905,11
2906,7
2907,8
2908,10
2909,12
2910,1
2911,10
2912,12
2913,11
2914,17
2915,16
2916,14
2917,11
2918,1
2919,13
2920,11
2921,7
2922,9
2923,6
2924,17
2925,9
2926,2
2927,5
2928,17
2929,10
2930,7
2931,3
2932,10
2933,9
2934,1
2935,12
2936,17
2937,7
2938,1
2939,2
2940,16
2941,18
2942,17
2943,17
2944,7
2945,18
2946,13
2947,6
2948,0
2949,15
2950,17
2951,7
2952,13
2953,3
2954,11
2955,1
2956,10
2957,6
2958,12
2959,16
2960,0
2961,4
2962,4
2963,18
2964,8
2965,8
2966,17
2967,11
2968,4
2969,13
2970,18
2971,0
2972,14
2973,11
2974,11
2975,9
2976,4
2977,11
2978,18
2979,12
2980,16
2981,6
2982,4
2983,16
2984,9
2985,2
2986,17
2987,10
2988,7
2989,1
2990,6
2991,12
2992,7
2993,16
2994,1
2995,6
2996,13
2997,9
2998,15
2999,2
3000,11
3001,12
3002,1
3003,8
3004,4
3005,8
3006,6
3007,16
3008,1
3009,8
3010,0
3011,9
3012,1
3013,3
3014,6
3015,6
3016,4
3017,10
3018,13
3019,13
3020,4
3021,0
3022,6
3023,7
3024,7
3025,2
3026,0
3027,3
3028,12
3029,9
3030,5
3031,10
3032,13
3033,18
3034,2
3035,11
3036,5
3037,12
3038,3
3039,4
3040,8
3041,9
3042,3
3043,13
3044,7
3045,10
3046,17
3047,12
3048,9
3049,11
3050,3
3051,2
3052,1
3053,4
3054,13
3055,12
3056,5
3057,10
3058,15
3059,13
3060,13
3061,14
3062,9
3063,18
3064,10
3065,6
3066,8
3067,12
3068,7
3069,1
3070,5
3071,0
3072,7
3073,12
3074,17
3075,18
3076,6
3077,14
3078,18
3079,8
3080,9
3081,5
3082,8
3083,10
3084,10
3085,11
3086,16
3087,16
3088,17
3089,9
3090,2
3091,16
3092,8
3093,13
3094,4
3095,3
3096,3
3097,11
3098,10
3099,13
3100,6
3101,6
3102,13
3103,7
3104,0
3105,12
3106,14
3107,1
3108,13
3109,5
3110,0
3111,4
3112,17
3113,6
3114,14
3115,4
3116,6
3117,8
3118,3
3119,4
3120,5
3121,2
3122,7
3123,17
3124,7
3125,0
3126,4
3127,18
3128,6
3129,5
3130,10
3131,11
3132,1
3133,18
3134,18
3135,0
3136,4
3137,13
3138,0
3139,14
3140,12
3141,7
3142,11
3143,18
3144,13
3145,10
3146,2
3147,3
3148,15
3149,12
3150,7
3151,10
3152,10
3153,7
3154,0
3155,11
3156,16
3157,13
3158,14
3159,3
3160,10
3161,7
3162,18
3163,5
3164,6
3165,3
3166,11
3167,1
3168,8
3169,13
3170,1
3171,4
3172,18
3173,17
3174,8
3175,13
3176,6
3177,3
3178,16
3179,6
3180,18
3181,17
3182,10
3183,13
3184,13
3185,8
3186,7
3187,14
3188,13
3189,12
3190,14
3191,5
3192,13
3193,3
3194,7
3195,9
3196,9
3197,12
3198,1
3199,2
3200,4
3201,16
3202,9
3203,16
3204,5
3205,14
3206,14
3207,7
3208,15
3209,1
3210,7
3211,7
3212,15
3213,0
3214,12
3215,11
3216,11
3217,17
3218,5
3219,2
3220,6
3221,15
3222,16
3223,1
3224,9
3225,5
3226,6
3227,12
3228,12
3229,2
3230,4
3231,1
3232,1
3233,10
3234,5
3235,8
3236,10
3237,2
3238,11
3239,4
3240,17
3241,12
3242,18
3243,5
3244,7
3245,1
3246,6
3247,4
3248,18
3249,2
3250,0
3251,0
3252,14
3253,14
3254,18
3255,7
3256,4
3257,17
3258,3
3259,3
3260,14
3261,4
3262,7
3263,2
3264,3
3265,14
3266,11
3267,18
3268,13
3269,6
3270,11
3271,14
3272,17
3273,18
3274,14
3275,9
3276,1
3277,9
3278,3
3279,7
3280,0
3281,9
3282,14
3283,3
3284,10
3285,17
3286,9
3287,12
3288,7
3289,17
3290,14
3291,13
3292,6
3293,16
3294,4
3295,4
3296,12
3297,1
3298,5
3299,3
3300,16
3301,8
3302,15
3303,12
3304,18
3305,18
3306,2
3307,5
3308,15
3309,5
3310,15
3311,18
3312,16
3313,15
3314,10
3315,10
3316,10
3317,9
3318,8
3319,6
3320,3
3321,6
3322,14
3323,7
3324,1
3325,18
3326,11
3327,14
3328,18
3329,11
3330,2
3331,9
3332,0
3333,12
3334,15
3335,13
3336,5
3337,9
3338,4
3339,2
3340,2
3341,11
3342,9
3343,15
3344,4
3345,3
3346,9
3347,0
3348,7
3349,0
3350,6
3351,9
3352,16
3353,2
3354,13
3355,5
3356,16
3357,2
3358,7
3359,5
3360,11
3361,2
3362,12
3363,5
3364,1
3365,11
3366,12
3367,3
3368,3
3369,10
3370,18
3371,11
3372,14
3373,13
3374,3
3375,15
3376,11
3377,10
3378,7
3379,9
3380,16
3381,8
3382,1
3383,10
3384,16
3385,14
3386,5
3387,8
3388,11
3389,15
3390,3
3391,18
3392,17
3393,4
3394,3
3395,13
3396,16
3397,3
3398,5
3399,3
3400,0
3401,12
3402,3
3403,5
3404,15
3405,1
3406,4
3407,11
3408,8
3409,4
3410,1
3411,1
3412,0
3413,11
3414,13
3415,0
3416,0
3417,11
3418,11
3419,16
3420,10
3421,17
3422,1
3423,3
3424,13
3425,17
3426,10
3427,13
3428,11
3429,14
3430,7
3431,15
3432,8
3433,1
3434,17
3435,6
3436,6
3437,8
3438,10
3439,14
3440,15
3441,5
3442,5
3443,8
3444,16
3445,18
3446,11
3447,17
3448,0
3449,12
3450,14
3451,4
3452,3
3453,1
3454,1
3455,2
3456,0
3457,7
3458,5
3459,8
3460,6
3461,3
3462,8
3463,1
3464,17
3465,10
3466,13
3467,1
3468,15
3469,0
3470,2
3471,7
3472,3
3473,16
3474,15
3475,18
3476,6
3477,12
3478,3
3479,12
3480,13
3481,8
3482,17
3483,15
3484,13
3485,14
3486,1
3487,3
3488,9
3489,7
3490,3
3491,12
3492,14
3493,3
3494,13
3495,1
3496,17
3497,18
3498,17
3499,1
3500,8
3501,7
3502,18
3503,17
3504,13
3505,11
3506,11
3507,4
3508,9
3509,2
3510,12
3511,15
3512,17
3513,13
3514,18
3515,17
3516,16
3517,13
3518,6
3519,13
3520,17
3521,18
3522,7
3523,10
3524,7
3525,7
3526,9
3527,17
3528,13
3529,6
3530,17
3531,10
3532,8
3533,16
3534,18
3535,8
3536,1
3537,17
3538,15
3539,0
3540,8
3541,10
3542,11
3543,14
3544,14
3545,18
3546,12
3547,15
3548,0
3549,11
3550,13
3551,11
3552,18
3553,17
3554,6
3555,3
3556,7
3557,1
3558,1
3559,8
3560,7
3561,8
3562,13
3563,17
3564,2
3565,11
3566,13
3567,13
3568,13
3569,0
3570,7
3571,6
3572,15
3573,3
3574,2
3575,11
3576,1
3577,10
3578,7
3579,9
3580,16
3581,5
3582,8
3583,15
3584,0
3585,13
3586,5
3587,4
3588,1
3589,16
3590,7
3591,17
3592,17
3593,17
3594,15
3595,12
3596,16
3597,7
3598,18
3599,18
3600,5
3601,17
3602,11
3603,7
3604,8
3605,15
3606,12
3607,14
3608,6
3609,17
3610,17
3611,7
3612,6
3613,4
3614,12
3615,1
3616,9
3617,5
3618,18
3619,13
3620,0
3621,7
3622,1
3623,18
3624,2
3625,0
3626,10
3627,9
3628,8
3629,7
3630,14
3631,3
3632,14
3633,11
3634,15
3635,8
3636,16
3637,10
3638,7
3639,15
3640,7
3641,6
3642,17
3643,11
3644,6
3645,10
3646,2
3647,6
3648,13
3649,6
3650,0
3651,4
3652,18
3653,1
3654,11
3655,14
3656,16
3657,4
3658,12
3659,14
3660,11
3661,7
3662,9
3663,4
3664,1
3665,12
3666,16
3667,13
3668,14
3669,2
3670,15
3671,5
3672,17
3673,8
3674,9
3675,14
3676,7
3677,15
3678,9
3679,2
3680,0
3681,13
3682,4
3683,4
3684,10
3685,12
3686,7
3687,0
3688,11
3689,15
3690,13
3691,4
3692,5
3693,16
3694,11
3695,0
3696,0
3697,17
3698,5
3699,11
3700,15
3701,0
3702,10
3703,13
3704,15
3705,8
3706,10
3707,16
3708,11
3709,13
3710,12
3711,9
3712,11
3713,9
3714,13
3715,15
3716,12
3717,4
3718,18
3719,18
3720,3
3721,15
3722,7
3723,16
3724,14
3725,14
3726,13
3727,5
3728,4
3729,12
3730,2
3731,2
3732,8
3733,9
3734,11
3735,4
3736,13
3737,6
3738,4
3739,18
3740,14
3741,18
3742,2
3743,15
3744,13
3745,6
3746,16
3747,11
3748,5
3749,0
3750,12
3751,0
3752,6
3753,7
3754,17
3755,10
3756,9
3757,6
3758,8
3759,2
3760,14
3761,18
3762,11
3763,0
3764,8
3765,17
3766,9
3767,12
3768,18
3769,7
3770,6
3771,5
3772,13
3773,12
3774,13
3775,9
3776,15
3777,3
3778,9
3779,2
3780,10
3781,10
3782,14
3783,8
3784,9
3785,0
3786,14
3787,2
3788,7
3789,16
3790,18
3791,3
3792,13
3793,13
3794,4
3795,4
3796,8
3797,15
3798,4
3799,5
3800,10
3801,4
3802,18
3803,15
3804,5
3805,0
3806,5
3807,0
3808,3
3809,11
3810,18
3811,15
3812,8
3813,15
3814,17
3815,2
3816,3
3817,10
3818,12
3819,3
3820,16
3821,2
3822,4
3823,11
3824,14
3825,9
3826,14
3827,14
3828,16
3829,10
3830,16
3831,15
3832,7
3833,5
3834,2
3835,6
3836,13
3837,13
3838,4
3839,15
3840,12
3841,16
3842,9
3843,12
3844,6
3845,0
3846,17
3847,15
3848,14
3849,6
3850,7
3851,7
3852,7
3853,12
3854,16
3855,4
3856,1
3857,3
3858,8
3859,11
3860,15
3861,13
3862,1
3863,3
3864,14
3865,18
3866,17
3867,11
3868,13
3869,1
3870,1
3871,2
3872,5
3873,15
3874,16
3875,8
3876,18
3877,4
3878,4
3879,16
3880,13
3881,1
3882,5
3883,8
3884,3
3885,16
3886,4
3887,13
3888,15
3889,12
3890,16
3891,17
3892,12
3893,2
3894,13
3895,5
3896,4
3897,2
3898,12
3899,12
3900,4
3901,2
3902,17
3903,5
3904,17
3905,8
3906,18
3907,8
3908,10
3909,0
3910,15
3911,15
3912,17
3913,0
3914,15
3915,17
3916,15
3917,9
3918,9
3919,17
3920,17
3921,12
3922,7
3923,10
3924,12
3925,18
3926,5
3927,16
3928,13
3929,2
3930,12
3931,9
3932,16
3933,2
3934,9
3935,8
3936,4
3937,2
3938,6
3939,8
3940,2
3941,18
3942,17
3943,12
3944,0
3945,7
3946,9
3947,1
3948,10
3949,15
3950,7
3951,9
3952,3
3953,12
3954,16
3955,2
3956,7
3957,3
3958,14
3959,4
3960,1
3961,11
3962,3
3963,0
3964,4
3965,2
3966,12
3967,6
3968,8
3969,12
3970,4
3971,3
3972,15
3973,2
3974,13
3975,6
3976,9
3977,18
3978,12
3979,4
3980,15
3981,3
3982,13
3983,16
3984,18
3985,3
3986,13
3987,17
3988,9
3989,9
3990,2
3991,1
3992,9
3993,1
3994,4
3995,1
3996,4
3997,2
3998,5
3999,6
4000,1
4001,7
4002,1
4003,0
4004,5
4005,2
4006,11
4007,17
4008,11
4009,17
4010,1
4011,10
4012,3
4013,14
4014,2
4015,14
4016,6
4017,7
4018,4
4019,10
4020,3
4021,14
4022,15
4023,18
4024,4
4025,0
4026,15
4027,4
4028,6
4029,6
4030,15
4031,8
4032,5
4033,6
4034,11
4035,1
4036,18
4037,0
4038,9
4039,4
4040,13
4041,15
4042,7
4043,15
4044,17
4045,10
4046,15
4047,6
4048,5
4049,12
4050,5
4051,18
4052,16
4053,3
4054,15
4055,4
4056,12
4057,9
4058,15
4059,15
4060,16
4061,16
4062,12
4063,15
4064,13
4065,0
4066,7
4067,15
4068,4
4069,14
4070,18
4071,9
4072,12
4073,8
4074,16
4075,5
4076,4
4077,2
4078,16
4079,10
4080,10
4081,0
4082,3
4083,16
4084,11
4085,18
4086,16
4087,0
4088,12
4089,10
4090,17
4091,18
4092,16
4093,7
4094,5
4095,1
4096,1
4097,16
4098,15
4099,10
4100,2
4101,14
4102,13
4103,1
4104,18
4105,5
4106,3
4107,6
4108,1
4109,9
4110,1
4111,13
4112,11
4113,15
4114,13
4115,16
4116,15
4117,4
4118,13
4119,4
4120,10
4121,2
4122,3
4123,3
4124,3
4125,12
4126,18
4127,10
4128,8
4129,5
4130,3
4131,13
4132,1
4133,10
4134,16
4135,18
4136,1
4137,4
4138,6
4139,1
4140,12
4141,1
4142,17
4143,16
4144,1
4145,16
4146,16
4147,0
4148,11
4149,18
4150,0
4151,6
4152,3
4153,16
4154,0
4155,1
4156,13
4157,11
4158,17
4159,8
4160,4
4161,2
4162,16
4163,6
4164,1
4165,15
4166,14
4167,18
4168,17
4169,17
4170,5
4171,15
4172,16
4173,2
4174,3
4175,4
4176,6
4177,14
4178,1
4179,14
4180,18
4181,13
4182,16
4183,4
4184,10
4185,10
4186,2
4187,11
4188,13
4189,11
4190,6
4191,11
4192,13
4193,18
4194,13
4195,12
4196,8
4197,18
4198,5
4199,2
4200,14
4201,3
4202,7
4203,9
4204,5
4205,8
4206,10
4207,12
4208,12
4209,1
4210,6
4211,7
4212,15
4213,13
4214,11
4215,4
4216,17
4217,14
4218,7
4219,5
4220,10
4221,17
4222,12
4223,15
4224,18
4225,15
4226,8
4227,6
4228,11
4229,16
4230,13
4231,0
4232,11
4233,7
4234,15
4235,14
4236,10
4237,18
4238,5
4239,18
4240,9
4241,8
4242,7
4243,8
4244,17
4245,14
4246,7
4247,14
4248,5
4249,5
4250,13
4251,9
4252,14
4253,15
4254,12
4255,4
4256,2
4257,7
4258,4
4259,18
4260,5
4261,7
4262,16
4263,12
4264,1
4265,10
4266,0
4267,9
4268,4
4269,10
4270,10
4271,15
4272,8
4273,0
4274,16
4275,3
4276,8
4277,3
4278,18
4279,18
4280,5
4281,1
4282,17
4283,11
4284,12
4285,3
4286,0
4287,1
4288,2
4289,7
4290,11
4291,18
4292,6
4293,3
4294,18
4295,1
4296,4
4297,0
4298,5
4299,14
4300,11
4301,12
4302,1
4303,1
4304,9
4305,12
4306,14
4307,16
4308,6
4309,5
4310,13
4311,18
4312,6
4313,18
4314,5
4315,0
4316,9
4317,3
4318,6
4319,3
4320,12
4321,11
4322,15
4323,16
4324,17
4325,8
4326,7
4327,9
4328,0
4329,1
4330,9
4331,5
4332,5
4333,8
4334,9
4335,7
4336,14
4337,14
4338,10
4339,2
4340,14
4341,2
4342,4
4343,16
4344,10
4345,17
4346,12
4347,8
4348,12
4349,10
4350,9
4351,3
4352,14
4353,16
4354,8
4355,13
4356,9
4357,1
4358,8
4359,4
4360,13
4361,14
4362,2
4363,17
4364,4
4365,7
4366,1
4367,16
4368,7
4369,18
4370,16
4371,8
4372,6
4373,11
4374,16
4375,11
4376,5
4377,6
4378,13
4379,6
4380,6
4381,6
4382,11
4383,15
4384,3
4385,9
4386,15
4387,9
4388,3
4389,7
4390,5
4391,5
4392,8
4393,15
4394,5
4395,17
4396,11
4397,15
4398,18
4399,4
4400,17
4401,5
4402,6
4403,11
4404,16
4405,12
4406,13
4407,15
4408,7
4409,4
4410,4
4411,8
4412,10
4413,1
4414,4
4415,16
4416,12
4417,15
4418,4
4419,1
4420,11
4421,14
4422,14
4423,16
4424,6
4425,2
4426,7
4427,0
4428,2
4429,12
4430,9
4431,3
4432,16
4433,14
4434,13
4435,13
4436,1
4437,14
4438,8
4439,8
4440,4
4441,2
4442,12
4443,10
4444,9
4445,8
4446,15
4447,18
4448,1
4449,16
4450,11
4451,6
4452,15
4453,0
4454,10
4455,17
4456,13
4457,14
4458,9
4459,17
4460,7
4461,16
4462,10
4463,17
4464,0
4465,8
4466,4
4467,4
4468,10
4469,17
4470,2
4471,13
4472,16
4473,16
4474,7
4475,17
4476,2
4477,11
4478,4
4479,16
4480,3
4481,4
4482,7
4483,11
4484,0
4485,0
4486,18
4487,0
4488,0
4489,18
4490,8
4491,17
4492,1
4493,7
4494,4
4495,10
4496,10
4497,11
4498,18
4499,13
4500,9
4501,10
4502,4
4503,8
4504,12
4505,5
4506,14
4507,10
4508,10
4509,5
4510,14
4511,11
4512,17
4513,4
4514,10
4515,12
4516,5
4517,8
4518,12
4519,15
4520,6
4521,16
4522,3
4523,4
4524,14
4525,13
4526,13
4527,12
4528,11
4529,16
4530,5
4531,10
4532,4
4533,15
4534,11
4535,6
4536,6
4537,12
4538,17
4539,11
4540,10
4541,3
4542,6
4543,11
4544,3
4545,11
4546,15
4547,3
4548,5
4549,5
4550,3
4551,18
4552,2
4553,18
4554,1
4555,3
4556,11
4557,8
4558,3
4559,3
4560,13
4561,11
4562,15
4563,4
4564,10
4565,18
4566,16
4567,2
4568,2
4569,16
4570,5
4571,11
4572,5
4573,9
4574,2
4575,7
4576,10
4577,18
4578,1
4579,8
4580,1
4581,17
4582,16
4583,18
4584,18
4585,4
4586,6
4587,8
4588,6
4589,11
4590,18
4591,4
4592,0
4593,17
4594,6
4595,15
4596,18
4597,13
4598,17
4599,12
4600,17
4601,14
4602,13
4603,2
4604,11
4605,16
4606,12
4607,11
4608,6
4609,11
4610,11
4611,11
4612,8
4613,7
4614,1
4615,1
4616,7
4617,3
4618,13
4619,2
4620,16
4621,3
4622,12
4623,14
4624,2
4625,8
4626,18
4627,17
4628,8
4629,18
4630,4
4631,17
4632,16
4633,6
4634,14
4635,2
4636,14
4637,5
4638,6
4639,1
4640,3
4641,11
4642,5
4643,16
4644,1
4645,3
4646,11
4647,3
4648,16
4649,13
4650,2
4651,5
4652,14
4653,5
4654,0
4655,2
4656,3
4657,8
4658,7
4659,16
4660,5
4661,6
4662,15
4663,4
4664,10
4665,8
4666,17
4667,13
4668,11
4669,1
4670,2
4671,13
4672,16
4673,5
4674,11
4675,18
4676,0
4677,3
4678,0
4679,1
4680,3
4681,7
4682,17
4683,1
4684,15
4685,18
4686,11
4687,15
4688,5
4689,7
4690,9
4691,16
4692,10
4693,6
4694,7
4695,14
4696,2
4697,8
4698,3
4699,4
4700,9
4701,5
4702,12
4703,8
4704,10
4705,4
4706,15
4707,8
4708,7
4709,7
4710,4
4711,4
4712,10
4713,18
4714,6
4715,10
4716,3
4717,1
4718,15
4719,18
4720,14
4721,10
4722,0
4723,16
4724,3
4725,14
4726,4
4727,8
4728,0
4729,8
4730,1
4731,17
4732,8
4733,2
4734,5
4735,17
4736,12
4737,6
4738,4
4739,16
4740,4
4741,0
4742,17
4743,10
4744,16
4745,3
4746,1
4747,2
4748,10
4749,7
4750,13
4751,1
4752,14
4753,7
4754,7
4755,12
4756,5
4757,7
4758,13
4759,8
4760,2
4761,5
4762,5
4763,15
4764,2
4765,0
4766,13
4767,1
4768,7
4769,17
4770,17
4771,13
4772,11
4773,2
4774,8
4775,4
4776,14
4777,3
4778,12
4779,7
4780,11
4781,7
4782,1
4783,2
4784,10
4785,6
4786,17
4787,13
4788,1
4789,17
4790,6
4791,17
4792,9
4793,12
4794,0
4795,11
4796,1
4797,18
4798,16
4799,2
4800,12
4801,14
4802,16
4803,1
4804,1
4805,16
4806,8
4807,14
4808,7
4809,8
4810,12
4811,11
4812,0
4813,6
4814,10
4815,0
4816,17
4817,5
4818,7
4819,13
4820,12
4821,0
4822,16
4823,3
4824,10
4825,13
4826,16
4827,16
4828,6
4829,7
4830,12
4831,16
4832,6
4833,2
4834,6
4835,7
4836,11
4837,11
4838,12
4839,7
4840,8
4841,11
4842,4
4843,7
4844,10
4845,4
4846,1
4847,12
4848,5
4849,0
4850,4
4851,10
4852,2
4853,10
4854,17
4855,11
4856,14
4857,13
4858,6
4859,11
4860,11
4861,5
4862,0
4863,9
4864,12
4865,0
4866,3
4867,9
4868,11
4869,3
4870,4
4871,5
4872,1
4873,5
4874,10
4875,18
4876,14
4877,5
4878,17
4879,12
4880,8
4881,9
4882,8
4883,11
4884,12
4885,6
4886,12
4887,11
4888,16
4889,9
4890,5
4891,5
4892,6
4893,16
4894,2
4895,2
4896,2
4897,16
4898,11
4899,8
4900,14
4901,12
4902,4
4903,3
4904,5
4905,17
4906,4
4907,0
4908,1
4909,10
4910,10
4911,5
4912,17
4913,14
4914,0
4915,12
4916,1
4917,17
4918,11
4919,0
4920,7
4921,1
4922,5
4923,10
4924,18
4925,4
4926,4
4927,14
4928,12
4929,14
4930,7
4931,1
4932,10
4933,11
4934,18
4935,4
4936,12
4937,14
4938,13
4939,11
4940,0
4941,8
4942,5
4943,0
4944,10
4945,8
4946,11
4947,14
4948,13
4949,18
4950,12
4951,17
4952,4
4953,4
4954,15
4955,12
4956,0
4957,15
4958,8
4959,0
4960,12
4961,1
4962,6
4963,2
4964,1
4965,10
4966,8
4967,5
4968,1
4969,14
4970,14
4971,2
4972,7
4973,7
4974,10
4975,3
4976,16
4977,6
4978,8
4979,7
4980,17
4981,5
4982,9
4983,18
4984,17
4985,0
4986,7
4987,14
4988,10
4989,8
4990,1
4991,7
4992,6
4993,13
4994,6
4995,0
4996,10
4997,3
4998,18
4999,2
5000,18
5001,10
5002,13
5003,15
5004,14
5005,12
5006,0
5007,12
5008,9
5009,3
5010,12
5011,11
5012,16
5013,7
5014,1
5015,12
5016,16
5017,10
5018,10
5019,5
5020,10
5021,14
5022,7
5023,10
5024,14
5025,1
5026,17
5027,5
5028,5
5029,0
5030,2
5031,0
5032,2
5033,0
5034,4
5035,15
5036,12
5037,12
5038,0
5039,5
5040,5
5041,17
5042,6
5043,12
5044,6
5045,16
5046,4
5047,16
5048,14
5049,10
5050,7
5051,13
5052,1
5053,3
5054,3
5055,5
5056,12
5057,16
5058,1
5059,3
5060,1
5061,0
5062,18
5063,7
5064,6
5065,12
5066,13
5067,3
5068,14
5069,14
5070,4
5071,7
5072,3
5073,18
5074,5
5075,10
5076,14
5077,12
5078,2
5079,12
5080,7
5081,14
5082,8
5083,7
5084,11
5085,16
5086,10
5087,12
5088,14
5089,11
5090,1
5091,3
5092,17
5093,15
5094,8
5095,18
5096,9
5097,17
5098,6
5099,2
5100,11
5101,7
5102,10
5103,10
5104,2
5105,11
5106,4
5107,10
5108,0
5109,6
5110,15
5111,6
5112,16
5113,9
5114,3
5115,1
5116,15
5117,11
5118,10
5119,13
5120,10
5121,15
5122,18
5123,17
5124,6
5125,4
5126,10
5127,10
5128,0
5129,6
5130,6
5131,15
5132,18
5133,0
5134,6
5135,11
5136,11
5137,12
5138,10
5139,15
5140,5
5141,5
5142,6
5143,17
5144,7
5145,3
5146,5
5147,16
5148,6
5149,8
5150,18
5151,3
5152,5
5153,2
5154,10
5155,16
5156,3
5157,6
5158,1
5159,2
5160,0
5161,7
5162,10
5163,5
5164,15
5165,1
5166,4
5167,4
5168,15
5169,14
5170,14
5171,7
5172,15
5173,15
5174,14
5175,13
5176,17
5177,6
5178,15
5179,7
5180,8
5181,12
5182,1
5183,4
5184,0
5185,10
5186,5
5187,15
5188,0
5189,8
5190,6
5191,4
5192,8
5193,17
5194,12
5195,11
5196,1
5197,0
5198,13
5199,17
5200,12
5201,5
5202,14
5203,12
5204,8
5205,10
5206,12
5207,0
5208,1
5209,11
5210,9
5211,4
5212,2
5213,7
5214,13
5215,15
5216,0
5217,1
5218,3
5219,11
5220,7
5221,14
5222,3
5223,14
5224,7
5225,0
5226,3
5227,7
5228,9
5229,5
5230,1
5231,2
5232,4
5233,18
5234,8
5235,0
5236,15
5237,16
5238,13
5239,4
5240,4
5241,0
5242,1
5243,15
5244,8
5245,7
5246,8
5247,12
5248,7
5249,13
5250,5
5251,8
5252,14
5253,13
5254,13
5255,5
5256,10
5257,0
5258,10
5259,11
5260,11
5261,10
5262,1
5263,0
5264,6
5265,1
5266,8
5267,12
5268,0
5269,2
5270,0
5271,7
5272,0
5273,16
5274,3
5275,11
5276,7
5277,16
5278,11
5279,7
5280,12
5281,15
5282,7
5283,2
5284,6
5285,18
5286,13
5287,4
5288,18
5289,18
5290,17
5291,11
5292,2
5293,1
5294,2
5295,5
5296,1
5297,15
5298,18
5299,15
5300,5
5301,1
5302,12
5303,4
5304,18
5305,14
5306,6
5307,5
5308,3
5309,4
5310,9
5311,12
5312,5
5313,11
5314,7
5315,15
5316,0
5317,14
5318,2
5319,12
5320,5
5321,6
5322,7
5323,11
5324,17
5325,9
5326,11
5327,2
5328,3
5329,3
5330,6
5331,11
5332,18
5333,12
5334,10
5335,2
5336,1
5337,2
5338,2
5339,10
5340,13
5341,13
5342,16
5343,2
5344,15
5345,6
5346,16
5347,9
5348,11
5349,14
5350,10
5351,16
5352,3
5353,13
5354,13
5355,8
5356,11
5357,17
5358,17
5359,5
5360,4
5361,16
5362,9
5363,6
5364,4
5365,1
5366,5
5367,14
5368,12
5369,8
5370,15
5371,2
5372,7
5373,5
5374,16
5375,3
5376,15
5377,3
5378,5
5379,1
5380,7
5381,8
5382,4
5383,10
5384,14
5385,15
5386,2
5387,3
5388,12
5389,12
5390,1
5391,6
5392,15
5393,12
5394,17
5395,12
5396,4
5397,5
5398,11
5399,3
5400,15
5401,13
5402,18
5403,10
5404,3
5405,18
5406,7
5407,7
5408,12
5409,13
5410,11
5411,12
5412,10
5413,13
5414,10
5415,6
5416,12
5417,2
5418,0
5419,14
5420,1
5421,7
5422,4
5423,11
5424,11
5425,13
5426,2
5427,4
5428,4
5429,3
5430,2
5431,6
5432,16
5433,9
5434,6
5435,17
5436,1
5437,8
5438,4
5439,8
5440,18
5441,4
5442,4
5443,5
5444,16
5445,5
5446,11
5447,18
5448,2
5449,0
5450,8
5451,11
5452,14
5453,15
5454,14
5455,3
5456,5
5457,3
5458,3
5459,4
5460,15
5461,17
5462,4
5463,9
5464,14
5465,12
5466,14
5467,11
5468,6
5469,1
5470,8
5471,18
5472,6
5473,11
5474,18
5475,13
5476,4
5477,4
5478,7
5479,0
5480,4
5481,4
5482,12
5483,0
5484,6
5485,8
5486,5
5487,1
5488,4
5489,17
5490,16
5491,17
5492,4
5493,5
5494,15
5495,7
5496,8
5497,15
5498,4
5499,0
5500,13
5501,12
5502,11
5503,5
5504,14
5505,6
5506,7
5507,4
5508,10
5509,4
5510,15
5511,18
5512,4
5513,0
5514,15
5515,5
5516,1
5517,8
5518,13
5519,5
5520,6
5521,10
5522,9
5523,7
5524,2
5525,5
5526,18
5527,15
5528,4
5529,7
5530,6
5531,18
5532,6
5533,10
5534,7
5535,7
5536,17
5537,1
5538,18
5539,3
5540,2
5541,1
5542,16
5543,15
5544,0
5545,6
5546,18
5547,11
5548,7
5549,10
5550,6
5551,18
5552,11
5553,15
5554,18
5555,11
5556,2
5557,6
5558,18
5559,1
5560,17
5561,12
5562,6
5563,0
5564,11
5565,10
5566,10
5567,16
5568,13
5569,9
5570,2
5571,5
5572,16
5573,4
5574,18
5575,6
5576,6
5577,16
5578,12
5579,8
5580,16
5581,2
5582,16
5583,15
5584,1
5585,4
5586,5
5587,15
5588,3
5589,7
5590,12
5591,11
5592,3
5593,0
5594,12
5595,4
5596,5
5597,9
5598,1
5599,1
5600,14
5601,14
5602,3
5603,9
5604,9
5605,11
5606,15
5607,18
5608,13
5609,2
5610,14
5611,7
5612,17
5613,2
5614,4
5615,18
5616,11
5617,13
5618,2
5619,3
5620,2
5621,11
5622,2
5623,8
5624,15
5625,9
5626,2
5627,9
5628,11
5629,6
5630,2
5631,11
5632,7
5633,10
5634,9
5635,5
5636,5
5637,7
5638,9
5639,12
5640,0
5641,7
5642,14
5643,0
5644,9
5645,11
5646,1
5647,15
5648,11
5649,6
5650,14
5651,16
5652,4
5653,8
5654,10
5655,3
5656,3
5657,10
5658,4
5659,12
5660,14
5661,7
5662,1
5663,14
5664,15
5665,9
5666,18
5667,1
5668,3
5669,0
5670,2
5671,6
5672,9
5673,18
5674,8
5675,15
5676,2
5677,1
5678,7
5679,7
5680,0
5681,4
5682,4
5683,2
5684,16
5685,10
5686,16
5687,2
5688,4
5689,16
5690,15
5691,5
5692,11
5693,8
5694,7
5695,12
5696,18
5697,8
5698,17
5699,1
5700,7
5701,16
5702,8
5703,6
5704,1
5705,0
5706,2
5707,10
5708,2
5709,2
5710,11
5711,16
5712,1
5713,9
5714,17
5715,16
5716,4
5717,0
5718,14
5719,4
5720,15
5721,15
5722,14
5723,11
5724,0
5725,16
5726,0
5727,6
5728,6
5729,9
5730,9
5731,11
5732,1
5733,10
5734,9
5735,1
5736,5
5737,12
5738,14
5739,16
5740,7
5741,13
5742,0
5743,6
5744,16
5745,17
5746,10
5747,11
5748,1
5749,13
5750,17
5751,7
5752,10
5753,17
5754,16
5755,0
5756,14
5757,8
5758,12
5759,3
5760,17
5761,7
5762,15
5763,16
5764,16
5765,5
5766,17
5767,6
5768,14
5769,12
5770,5
5771,1
5772,8
5773,4
5774,0
5775,18
5776,16
5777,14
5778,14
5779,18
5780,6
5781,2
5782,17
5783,1
5784,3
5785,5
5786,16
5787,14
5788,5
5789,1
5790,18
5791,2
5792,3
5793,5
5794,3
5795,3
5796,0
5797,7
5798,18
5799,17
5800,14
5801,16
5802,12
5803,11
5804,18
5805,8
5806,15
5807,7
5808,12
5809,1
5810,14
5811,2
5812,18
5813,18
5814,14
5815,10
5816,4
5817,0
5818,14
5819,18
5820,5
5821,7
5822,11
5823,0
5824,16
5825,2
5826,12
5827,5
5828,16
5829,18
5830,15
5831,3
5832,8
5833,4
5834,7
5835,9
5836,11
5837,2
5838,17
5839,11
5840,14
5841,17
5842,17
5843,2
5844,9
5845,5
5846,13
5847,12
5848,15
5849,0
5850,3
5851,6
5852,17
5853,3
5854,3
5855,11
5856,17
5857,0
5858,5
5859,12
5860,0
5861,11
5862,4
5863,6
5864,3
5865,8
5866,0
5867,9
5868,3
5869,6
5870,2
5871,2
5872,7
5873,8
5874,4
5875,18
5876,9
5877,7
5878,14
5879,14
5880,16
5881,1
5882,16
5883,10
5884,6
5885,16
5886,15
5887,10
5888,6
5889,9
5890,17
5891,2
5892,18
5893,4
5894,5
5895,16
5896,4
5897,17
5898,16
5899,4
5900,10
5901,6
5902,4
5903,10
5904,13
5905,3
5906,13
5907,14
5908,6
5909,18
5910,16
5911,17
5912,7
5913,5
5914,13
5915,0
5916,13
5917,14
5918,2
5919,5
5920,0
5921,6
5922,10
5923,16
5924,16
5925,0
5926,12
5927,7
5928,17
5929,18
5930,10
5931,9
5932,5
5933,4
5934,0
5935,5
5936,17
5937,5
5938,11
5939,12
5940,9
5941,13
5942,12
5943,17
5944,10
5945,4
5946,7
5947,14
5948,18
5949,4
5950,16
5951,6
5952,6
5953,14
5954,8
5955,6
5956,2
5957,0
5958,17
5959,13
5960,7
5961,0
5962,2
5963,2
5964,11
5965,1
5966,16
5967,4
5968,3
5969,10
5970,13
5971,9
5972,5
5973,16
5974,10
5975,2
5976,2
5977,13
5978,14
5979,16
5980,1
5981,8
5982,10
5983,11
5984,9
5985,16
5986,6
5987,18
5988,9
5989,0
5990,15
5991,15
5992,2
5993,9
5994,12
5995,6
5996,18
5997,2
5998,11
5999,3
6000,2
6001,9
6002,12
6003,7
6004,13
6005,1
6006,9
6007,17
6008,10
6009,8
6010,9
6011,1
6012,17
6013,18
6014,3
6015,16
6016,12
6017,17
6018,18
6019,7
6020,4
6021,4
6022,14
6023,14
6024,0
6025,12
6026,13
6027,4
6028,10
6029,11
6030,5
6031,6
6032,14
6033,18
6034,18
6035,1
6036,17
6037,11
6038,13
6039,7
6040,9
6041,3
6042,6
6043,1
6044,18
6045,3
6046,2
6047,2
6048,9
6049,16
6050,1
6051,17
6052,15
6053,8
6054,11
6055,16
6056,4
6057,1
6058,4
6059,9
6060,2
6061,12
6062,2
6063,5
6064,4
6065,10
6066,18
6067,3
6068,16
6069,3
6070,1
6071,5
6072,15
6073,1
6074,11
6075,14
6076,12
6077,8
6078,2
6079,8
6080,1
6081,2
6082,12
6083,2
6084,13
6085,18
6086,6
6087,6
6088,0
6089,0
6090,9
6091,1
6092,16
6093,18
6094,6
6095,14
6096,16
6097,3
6098,4
6099,11
6100,14
6101,12
6102,17
6103,9
6104,8
6105,1
6106,13
6107,16
6108,11
6109,12
6110,8
6111,8
6112,8
6113,8
6114,11
6115,11
6116,5
6117,10
6118,1
6119,2
6120,11
6121,14
6122,17
6123,4
6124,15
6125,14
6126,17
6127,0
6128,8
6129,15
6130,13
6131,7
6132,3
6133,15
6134,7
6135,11
6136,3
6137,12
6138,10
6139,5
6140,8
6141,12
6142,8
6143,17
6144,15
6145,18
6146,7
6147,5
6148,13
6149,12
6150,7
6151,8
6152,15
6153,8
6154,9
6155,9
6156,18
6157,18
6158,9
6159,1
6160,5
6161,4
6162,12
6163,12
6164,10
6165,10
6166,6
6167,16
6168,17
6169,16
6170,15
6171,14
6172,17
6173,9
6174,12
6175,6
6176,9
6177,17
6178,8
6179,5
6180,5
6181,3
6182,18
6183,2
6184,8
6185,4
6186,0
6187,9
6188,1
6189,1
6190,12
6191,1
6192,6
6193,6
6194,16
6195,5
6196,3
6197,8
6198,0
6199,4
6200,8
6201,14
6202,10
6203,15
6204,17
6205,13
6206,9
6207,15
6208,18
6209,14
6210,15
6211,12
6212,12
6213,3
6214,5
6215,14
6216,10
6217,6
6218,11
6219,3
6220,6
6221,10
6222,8
6223,7
6224,11
6225,14
6226,18
6227,4
6228,17
6229,15
6230,8
6231,12
6232,8
6233,18
6234,18
6235,13
6236,17
6237,13
6238,5
6239,13
6240,11
6241,17
6242,15
6243,10
6244,5
6245,16
6246,0
6247,13
6248,4
6249,18
6250,11
6251,12
6252,9
6253,15
6254,18
6255,15
6256,18
6257,3
6258,7
6259,11
6260,8
6261,15
6262,2
6263,13
6264,9
6265,12
6266,4
6267,11
6268,14
6269,4
6270,7
6271,16
6272,3
6273,12
6274,0
6275,18
6276,14
6277,10
6278,1
6279,16
6280,15
6281,7
6282,6
6283,15
6284,0
6285,5
6286,10
6287,1
6288,1
6289,1
6290,14
6291,14
6292,14
6293,9
6294,9
6295,16
6296,17
6297,15
6298,4
6299,7
6300,0
6301,4
6302,10
6303,10
6304,2
6305,5
6306,3
6307,7
6308,6
6309,9
6310,13
6311,10
6312,16
6313,12
6314,13
6315,2
6316,11
6317,18
6318,10
6319,18
6320,6
6321,17
6322,2
6323,13
6324,5
6325,6
6326,1
6327,15
6328,5
6329,15
6330,11
6331,14
6332,5
6333,9
6334,16
6335,8
6336,7
6337,5
6338,12
6339,6
6340,18
6341,4
6342,5
6343,0
6344,2
6345,13
6346,7
6347,14
6348,11
6349,14
6350,1
6351,12
6352,7
6353,14
6354,7
6355,5
6356,18
6357,7
6358,3
6359,16
6360,10
6361,10
6362,5
6363,10
6364,7
6365,6
6366,4
6367,1
6368,8
6369,4
6370,16
6371,2
6372,9
6373,16
6374,8
6375,7
6376,1
6377,14
6378,7
6379,2
6380,0
6381,14
6382,16
6383,0
6384,18
6385,11
6386,11
6387,5
6388,0
6389,6
6390,14
6391,5
6392,12
6393,1
6394,10
6395,14
6396,0
6397,0
6398,10
6399,17
6400,4
6401,11
6402,10
6403,2
6404,3
6405,18
6406,7
6407,0
6408,10
6409,12
6410,10
6411,9
6412,10
6413,18
6414,6
6415,1
6416,12
6417,0
6418,7
6419,2
6420,13
6421,10
6422,2
6423,16
6424,4
6425,16
6426,8
6427,4
6428,3
6429,18
6430,5
6431,2
6432,18
6433,0
6434,1
6435,13
6436,5
6437,8
6438,5
6439,6
6440,18
6441,9
6442,16
6443,1
6444,13
6445,13
6446,6
6447,18
6448,10
6449,5
6450,9
6451,0
6452,4
6453,11
6454,4
6455,10
6456,7
6457,8
6458,4
6459,14
6460,16
6461,18
6462,4
6463,11
6464,14
6465,1
6466,16
6467,4
6468,11
6469,8
6470,5
6471,17
6472,6
6473,3
6474,8
6475,14
6476,8
6477,16
6478,15
6479,3
6480,10
6481,12
6482,13
6483,8
6484,11
6485,2
6486,16
6487,12
6488,2
6489,8
6490,15
6491,13
6492,0
6493,9
6494,15
6495,3
6496,11
6497,16
6498,2
6499,0
6500,10
6501,12
6502,13
6503,17
6504,15
6505,8
6506,5
6507,14
6508,11
6509,5
6510,12
6511,9
6512,0
6513,8
6514,13
6515,12
6516,16
6517,2
6518,11
6519,10
6520,7
6521,16
6522,8
6523,5
6524,1
6525,8
6526,7
6527,2
6528,1
6529,10
6530,6
6531,17
6532,8
6533,17
6534,10
6535,9
6536,7
6537,12
6538,15
6539,4
6540,6
6541,6
6542,11
6543,9
6544,1
6545,9
6546,5
6547,8
6548,0
6549,12
6550,17
6551,4
6552,12
6553,13
6554,9
6555,11
6556,2
6557,16
6558,3
6559,9
6560,10
6561,6
6562,0
6563,5
6564,16
6565,0
6566,15
6567,10
6568,2
6569,2
6570,5
6571,6
6572,0
6573,13
6574,12
6575,6
6576,1
6577,3
6578,10
6579,17
6580,3
6581,4
6582,15
6583,8
6584,2
6585,0
6586,13
6587,3
6588,18
6589,3
6590,2
6591,7
6592,16
6593,18
6594,14
6595,6
6596,0
6597,11
6598,18
6599,13
6600,9
6601,2
6602,12
6603,1
6604,11
6605,0
6606,11
6607,12
6608,4
6609,14
6610,4
6611,16
6612,18
6613,8
6614,11
6615,2
6616,6
6617,18
6618,7
6619,10
6620,10
6621,8
6622,1
6623,4
6624,11
6625,10
6626,1
6627,17
6628,4
6629,0
6630,11
6631,13
6632,6
6633,2
6634,6
6635,16
6636,14
6637,12
6638,8
6639,12
6640,0
6641,9
6642,18
6643,10
6644,16
6645,8
6646,11
6647,9
6648,15
6649,6
6650,14
6651,12
6652,6
6653,12
6654,2
6655,8
6656,16
6657,4
6658,2
6659,18
6660,15
6661,12
6662,16
6663,0
6664,0
6665,2
6666,14
6667,2
6668,9
6669,11
6670,15
6671,6
6672,16
6673,13
6674,12
6675,16
6676,1
6677,11
6678,1
6679,5
6680,4
6681,4
6682,5
6683,6
6684,11
6685,18
6686,9
6687,11
6688,17
6689,17
6690,5
6691,11
6692,18
6693,16
6694,13
6695,1
6696,17
6697,18
6698,3
6699,3
6700,15
6701,11
6702,16
6703,18
6704,7
6705,11
6706,5
6707,11
6708,6
6709,1
6710,17
6711,14
6712,12
6713,14
6714,0
6715,6
6716,1
6717,7
6718,2
6719,7
6720,4
6721,14
6722,3
6723,15
6724,9
6725,14
6726,14
6727,16
6728,1
6729,10
6730,16
6731,16
6732,13
6733,13
6734,4
6735,2
6736,17
6737,9
6738,8
6739,2
6740,5
6741,4
6742,6
6743,10
6744,14
6745,11
6746,12
6747,1
6748,9
6749,7
6750,10
6751,18
6752,14
6753,12
6754,7
6755,10
6756,15
6757,6
6758,3
6759,9
6760,17
6761,16
6762,18
6763,2
6764,0
6765,9
6766,1
6767,0
6768,11
6769,8
6770,17
6771,17
6772,15
6773,14
6774,2
6775,10
6776,5
6777,0
6778,12
6779,16
6780,3
6781,8
6782,16
6783,18
6784,1
6785,6
6786,7
6787,12
6788,1
6789,13
6790,12
6791,14
6792,16
6793,18
6794,1
6795,16
6796,0
6797,5
6798,5
6799,8
6800,16
6801,8
6802,14
6803,15
6804,10
6805,11
6806,7
6807,6
6808,7
6809,4
6810,14
6811,13
6812,6
6813,2
6814,17
6815,3
6816,13
6817,5
6818,3
6819,7
6820,2
6821,7
6822,13
6823,18
6824,16
6825,17
6826,0
6827,11
6828,1
6829,17
6830,1
6831,9
6832,18
6833,0
6834,17
6835,2
6836,18
6837,12
6838,0
6839,18
6840,4
6841,12
6842,15
6843,7
6844,8
6845,16
6846,17
6847,0
6848,14
6849,5
6850,14
6851,2
6852,1
6853,18
6854,8
6855,14
6856,4
6857,14
6858,15
6859,7
6860,6
6861,2
6862,15
6863,5
6864,10
6865,2
6866,14
6867,5
6868,1
6869,8
6870,6
6871,4
6872,7
6873,9
6874,9
6875,11
6876,14
6877,15
6878,10
6879,4
6880,4
6881,5
6882,14
6883,17
6884,10
6885,17
6886,13
6887,10
6888,6
6889,12
6890,8
6891,4
6892,3
6893,8
6894,9
6895,15
6896,13
6897,7
6898,9
6899,9
6900,0
6901,1
6902,14
6903,6
6904,17
6905,17
6906,11
6907,8
6908,17
6909,16
6910,9
6911,13
6912,14
6913,5
6914,1
6915,13
6916,10
6917,15
6918,13
6919,13
6920,12
6921,14
6922,13
6923,4
6924,11
6925,7
6926,6
6927,6
6928,9
6929,13
6930,12
6931,8
6932,16
6933,13
6934,12
6935,0
6936,18
6937,2
6938,17
6939,5
6940,2
6941,1
6942,3
6943,11
6944,3
6945,8
6946,14
6947,11
6948,9
6949,6
6950,10
6951,9
6952,15
6953,6
6954,2
6955,7
6956,9
6957,8
6958,4
6959,0
6960,2
6961,3
6962,5
6963,2
6964,2
6965,15
6966,16
6967,18
6968,18
6969,4
6970,15
6971,16
6972,16
6973,11
6974,4
6975,15
6976,9
6977,4
6978,15
6979,8
6980,8
6981,9
6982,10
6983,11
6984,17
6985,5
6986,2
6987,11
6988,14
6989,14
6990,6
6991,0
6992,7
6993,0
6994,18
6995,3
6996,16
6997,3
6998,0
6999,9
7000,18
7001,16
7002,13
7003,4
7004,0
7005,2
7006,3
7007,13
7008,11
7009,4
7010,13
7011,13
7012,4
7013,1
7014,8
7015,2
7016,10
7017,14
7018,7
7019,1
7020,12
7021,1
7022,6
7023,5
7024,16
7025,15
7026,10
7027,7
7028,2
7029,5
7030,18
7031,6
7032,10
7033,6
7034,18
7035,9
7036,1
7037,10
7038,7
7039,8
7040,3
7041,0
7042,18
7043,12
7044,16
7045,13
7046,2
7047,13
7048,5
7049,10
7050,2
7051,10
7052,2
7053,9
7054,3
7055,6
7056,4
7057,10
7058,5
7059,14
7060,9
7061,16
7062,8
7063,11
7064,1
7065,8
7066,3
7067,18
7068,15
7069,6
7070,17
7071,9
7072,17
7073,17
7074,1
7075,17
7076,6
7077,11
7078,12
7079,14
7080,15
7081,1
7082,16
7083,9
7084,0
7085,7
7086,5
7087,15
7088,1
7089,2
7090,13
7091,13
7092,2
7093,10
7094,13
7095,1
7096,6
7097,7
7098,16
7099,4
7100,10
7101,9
7102,10
7103,6
7104,0
7105,11
7106,13
7107,15
7108,15
7109,10
7110,18
7111,13
7112,13
7113,14
7114,16
7115,11
7116,2
7117,14
7118,16
7119,15
7120,0
7121,16
7122,9
7123,8
7124,14
7125,3
7126,3
7127,6
7128,18
7129,8
7130,2
7131,2
7132,11
7133,2
7134,1
7135,11
7136,11
7137,11
7138,1
7139,1
7140,16
7141,12
7142,6
7143,5
7144,17
7145,14
7146,4
7147,8
7148,8
7149,13
7150,17
7151,17
7152,10
7153,6
7154,5
7155,5
7156,7
7157,4
7158,3
7159,8
7160,10
7161,18
7162,2
7163,2
7164,7
7165,0
7166,0
7167,9
7168,11
7169,17
7170,17
7171,4
7172,7
7173,2
7174,16
7175,5
7176,18
7177,10
7178,4
7179,1
7180,10
7181,6
7182,18
7183,9
7184,7
7185,13
7186,15
7187,10
7188,4
7189,3
7190,3
7191,2
7192,5
7193,15
7194,12
7195,0
7196,16
7197,5
7198,12
7199,13
7200,5
7201,9
7202,7
7203,16
7204,5
7205,12
7206,18
7207,10
7208,0
7209,9
7210,11
7211,1
7212,14
7213,6
7214,7
7215,15
7216,0
7217,7
7218,16
7219,4
7220,3
7221,8
7222,17
7223,11
7224,7
7225,9
7226,4
7227,17
7228,13
7229,17
7230,11
7231,11
7232,1
7233,17
7234,4
7235,2
7236,17
7237,3
7238,1
7239,18
7240,12
7241,10
7242,13
7243,4
7244,12
7245,15
7246,9
7247,2
7248,10
7249,9
7250,5
7251,4
7252,8
7253,15
7254,12
7255,7
7256,2
7257,4
7258,4
7259,17
7260,11
7261,17
7262,16
7263,3
7264,4
7265,5
7266,4
7267,10
7268,6
7269,1
7270,4
7271,3
7272,0
7273,9
7274,3
7275,17
7276,3
7277,18
7278,6
7279,1
7280,8
7281,0
7282,2
7283,8
7284,9
7285,13
7286,2
7287,9
7288,3
7289,12
7290,18
7291,8
7292,13
7293,0
7294,8
7295,3
7296,14
7297,11
7298,5
7299,13
7300,8
7301,0
7302,12
7303,0
7304,0
7305,13
7306,0
7307,10
7308,6
7309,14
7310,13
7311,12
7312,2
7313,13
7314,0
7315,4
7316,4
7317,4
7318,2
7319,10
7320,18
7321,11
7322,14
7323,11
7324,2
7325,5
7326,8
7327,6
7328,3
7329,11
7330,18
7331,4
7332,16
7333,14
7334,6
7335,9
7336,18
7337,8
7338,9
7339,5
7340,12
7341,9
7342,11
7343,10
7344,17
7345,2
7346,0
7347,3
7348,7
7349,3
7350,0
7351,7
7352,4
7353,11
7354,16
7355,6
7356,12
7357,18
7358,16
7359,8
7360,3
7361,7
7362,16
7363,11
7364,18
7365,7
7366,8
7367,16
7368,18
7369,16
7370,13
7371,7
7372,13
7373,11
7374,10
7375,16
7376,12
7377,5
7378,2
7379,1
7380,4
7381,1
7382,1
7383,18
7384,8
7385,10
7386,15
7387,0
7388,3
7389,16
7390,13
7391,4
7392,0
7393,6
7394,10
7395,13
7396,18
7397,16
7398,11
7399,9
7400,13
7401,5
7402,5
7403,0
7404,7
7405,6
7406,18
7407,0
7408,3
7409,17
7410,7
7411,10
7412,12
7413,17
7414,4
7415,14
7416,16
7417,5
7418,10
7419,4
7420,18
7421,17
7422,6
7423,5
7424,5
7425,8
7426,0
7427,7
7428,7
7429,11
7430,17
7431,1
7432,18
7433,16
7434,6
7435,1
7436,15
7437,1
7438,0
7439,7
7440,16
7441,6
7442,1
7443,2
7444,12
7445,4
7446,18
7447,6
7448,5
7449,15
7450,14
7451,6
7452,12
7453,16
7454,5
7455,15
7456,10
7457,5
7458,12
7459,2
7460,8
7461,4
7462,8
7463,16
7464,2
7465,2
7466,12
7467,4
7468,5
7469,7
7470,11
7471,0
7472,9
7473,8
7474,1
7475,0
7476,15
7477,5
7478,8
7479,14
7480,4
7481,5
7482,6
7483,4
7484,16
7485,6
7486,7
7487,3
7488,5
7489,6
7490,15
7491,4
7492,9
7493,3
7494,13
7495,3
7496,18
7497,17
7498,7
7499,14
